"book_Name","book_Number","book_Number_Branch","genre_Number"
"Random Book 97",782324,2,0
"Random Book 93",810999,3,4
"Random Book 66",11319785,7,3
"Random Book 146",11599922,3,5
"Random Book 113",28066886,5,1
"Random Book 227",32504241,3,1
"Random Book 110",45010406,3,1
"Random Book 43",51946498,5,3
"Random Book 163",56444305,8,8
"Random Book 105",60372250,9,4
"Random Book 44",61963638,4,7
"Random Book 89",64307140,6,9
"Random Book 79",67867172,4,9
"Random Book 191",68285026,8,2
"Random Book 246",69823061,8,1
"Random Book 199",69914309,2,5
"Random Book 49",70846030,8,7
"Random Book 52",83515453,9,2
"Random Book 138",93908711,6,7
"Random Book 242",94413327,5,9
"Random Book 123",96108226,7,3
"Random Book 223",96896544,6,7
"Random Book 95",100471451,7,5
"Random Book 139",102623605,2,4
"Random Book 64",107390762,8,9
"Random Book 65",111385859,7,4
"Random Book 161",111849691,9,6
"Random Book 57",114514852,5,9
"Random Book 155",120500721,6,5
"Random Book 5",123320164,2,4
"The Mystery of the Lost Key",123456789,1,3
"Random Book 126",127876089,3,1
"Random Book 35",129466893,8,8
"Random Book 158",129885885,7,2
"Random Book 226",140153934,3,9
"Random Book 159",143678837,9,1
"Random Book 87",147118977,1,7
"Random Book 167",160601673,5,1
"Random Book 72",160656656,5,8
"Random Book 104",165297498,5,1
"Random Book 148",171177612,3,8
"Random Book 185",171873975,1,7
"Random Book 134",173364987,6,4
"Random Book 141",177549127,4,4
"Random Book 21",186542345,2,4
"Random Book 216",187382664,1,6
"Random Book 51",187454458,8,5
"Random Book 15",188768506,3,6
"Random Book 11",194520645,6,4
"Random Book 178",204976631,6,5
"Random Book 233",207166741,7,7
"Random Book 47",224287471,5,9
"Random Book 176",227947572,7,9
"Random Book 168",229168220,6,5
"Random Book 71",229421004,1,4
"Random Book 198",232754652,7,0
"Random Book 96",233918873,6,5
"Random Book 41",234702489,4,9
"Random Book 129",237263800,7,7
"Random Book 120",241097269,8,6
"Random Book 13",241568570,2,9
"Random Book 171",241955260,2,1
"Random Book 197",242609611,1,4
"Random Book 144",244776548,4,9
"Random Book 245",246372331,6,1
"Space Odyssey",246813579,3,0
"Random Book 249",248619267,2,2
"Random Book 210",252161658,1,2
"Random Book 219",269235950,9,6
"Random Book 207",272491657,3,5
"Random Book 125",273857337,9,7
"Random Book 131",275550146,4,1
"Random Book 149",280734421,9,9
"Random Book 18",282582342,9,8
"Random Book 117",284428728,5,4
"Random Book 162",288454804,5,4
"Random Book 94",289029585,2,9
"Random Book 200",308770727,8,4
"Random Book 184",308773954,2,9
"Random Book 48",314082577,6,1
"Random Book 74",315629463,4,1
"Random Book 115",315749293,8,4
"Random Book 14",321388978,7,9
"Random Book 213",323295755,5,7
"Random Book 77",327431244,2,6
"Random Book 230",335749274,4,7
"Random Book 54",342482524,7,7
"Random Book 181",349592199,8,2
"Random Book 58",350514885,9,5
"Random Book 114",363419420,4,9
"Random Book 106",366749164,5,6
"The Science Lab",369852147,4,7
"Random Book 8",376113337,9,5
"Random Book 151",376950983,1,9
"Random Book 236",393275097,7,6
"Random Book 195",399905143,4,9
"Random Book 187",401234496,7,1
"Random Book 20",402268345,2,4
"Random Book 39",403105161,8,9
"Random Book 211",404517864,2,6
"Random Book 241",411199573,6,0
"Random Book 186",413022878,9,4
"Random Book 103",413460340,4,4
"Random Book 225",414067115,7,4
"Random Book 229",417159165,1,1
"Random Book 193",417771748,4,5
"Random Book 25",418960157,4,5
"Random Book 128",422595732,7,4
"Random Book 19",422703300,6,5
"Random Book 16",423979668,3,9
"Random Book 172",437650024,6,6
"Random Book 116",447620725,9,6
"Random Book 243",450679276,4,5
"Random Book 183",464075703,1,1
"Random Book 209",472904311,8,7
"Random Book 124",473359723,4,4
"Random Book 153",475719759,8,6
"Random Book 173",479211501,4,7
"Random Book 61",479413452,1,9
"Random Book 75",479850453,9,3
"Random Book 190",479982792,8,4
"Random Book 36",487714486,1,7
"Random Book 196",488000586,6,3
"Random Book 136",492826475,6,7
"Random Book 192",503268323,8,5
"Random Book 244",505183890,9,2
"Random Book 203",508201595,9,2
"Random Book 22",510400127,3,9
"Random Book 56",511506476,6,3
"Random Book 218",518145405,3,8
"Random Book 12",518670305,2,3
"Random Book 174",520371043,3,9
"Random Book 37",521554411,4,5
"Random Book 81",522753515,7,0
"Random Book 4",523619989,5,1
"Random Book 100",526501022,9,0
"Ancient Chronicles",531478962,6,9
"Random Book 84",543043775,5,0
"Random Book 3",546899281,5,0
"Random Book 68",547664886,1,5
"Random Book 28",547916872,5,0
"Random Book 182",548788293,1,7
"Random Book 220",548951673,8,4
"Random Book 206",551442850,1,6
"Random Book 212",553065956,9,0
"Random Book 45",554537206,5,0
"Random Book 38",556063408,1,7
"Random Book 152",558167433,1,5
"Random Book 32",559292930,8,4
"Random Book 69",562704641,2,3
"Random Book 204",567278638,9,1
"Random Book 130",571020889,7,6
"Random Book 234",578985298,7,9
"Random Book 177",579494493,1,4
"Random Book 121",589340354,1,3
"Random Book 170",589584164,8,3
"Random Book 29",594548816,8,4
"Random Book 231",596646080,8,2
"Random Book 26",602620700,4,2
"Random Book 180",608095899,2,9
"Random Book 135",614670994,6,2
"Random Book 53",619967477,3,6
"Random Book 132",626449325,6,3
"Cooking Delights: A Culinary Journey",628437915,9,4
"Random Book 122",637603702,2,9
"Random Book 238",643657892,7,8
"Random Book 221",646764848,9,9
"Random Book 101",649875339,9,9
"Random Book 165",657313004,4,0
"Random Book 73",658166969,8,3
"Random Book 55",659481662,9,6
"Random Book 205",660849556,9,8
"Random Book 232",666457616,7,4
"Random Book 118",668540251,2,6
"Random Book 140",674354810,1,4
"Random Book 133",676093689,4,0
"Random Book 46",689959880,3,1
"Random Book 175",690974551,7,4
"Random Book 50",697774678,2,7
"Random Book 107",709884041,5,4
"Random Book 80",711413194,7,4
"Horror Tales: Midnight Shadows",714596328,8,8
"Random Book 99",721118817,8,2
"Random Book 62",722209370,6,9
"Random Book 235",725323457,6,0
"Random Book 164",727266345,2,6
"Random Book 6",727875025,3,3
"Random Book 85",733268718,5,0
"Random Book 70",738688750,3,2
"Random Book 215",741514678,1,3
"Random Book 98",746777999,5,2
"Random Book 179",751780791,2,6
"Random Book 10",755594529,6,6
"Random Book 147",756054674,2,5
"Random Book 31",770151367,5,9
"Random Book 102",774501161,1,9
"Random Book 239",779179682,5,0
"Random Book 9",779369739,4,4
"Random Book 202",781068541,4,5
"Love in the City",785214639,5,2
"Random Book 88",787956474,6,5
"Random Book 23",795368445,2,4
"Random Book 250",796440834,2,2
"Random Book 119",803646030,1,1
"Random Book 78",811356364,2,3
"Random Book 201",813973457,6,5
"Random Book 228",816184650,7,3
"Random Book 248",818263044,2,3
"Random Book 17",821625397,4,4
"Random Book 60",821848923,2,3
"Random Book 137",830002774,8,9
"Random Book 63",832588027,4,2
"Random Book 194",833496759,4,5
"Random Book 127",835940606,7,1
"Random Book 150",836959734,4,2
"Random Book 92",843550072,6,5
"Random Book 34",847023650,6,6
"Random Book 24",848673832,8,5
"Random Book 2",860308299,9,0
"Random Book 76",866042398,3,8
"Random Book 40",868085848,9,3
"Random Book 91",869748015,5,8
"Random Book 237",878276049,5,8
"Random Book 108",888497475,9,1
"Random Book 42",892361401,5,9
"Random Book 145",895257064,5,9
"Random Book 27",897733427,8,4
"Random Book 157",898044206,8,3
"Random Book 67",898166218,3,9
"Random Book 7",900359217,4,3
"Random Book 208",910377218,9,8
"Random Book 109",912930508,1,6
"Random Book 143",914328458,4,2
"Random Book 83",915193887,7,7
"Random Book 222",919494323,7,6
"Random Book 112",921553078,3,5
"Random Book 224",925378402,4,1
"Random Book 214",930881231,5,8
"Random Book 247",933793551,4,9
"Random Book 189",938160740,1,5
"Random Book 30",939724560,3,6
"Random Book 188",947143631,2,8
"Random Book 166",948850640,6,4
"Random Book 59",949291421,2,7
"Random Book 33",949349139,3,5
"Random Book 111",951710405,3,7
"The Comedy Club",954867213,7,1
"Random Book 240",955613117,5,8
"Random Book 217",969718446,1,1
"Random Book 1",973250603,5,4
"Random Book 90",975899597,6,2
"Random Book 154",987061657,8,3
"Random Book 160",987389708,5,5
"The Enchanted Forest",987654321,2,5
"Random Book 82",987869215,8,2
"Random Book 156",989394525,3,5
"Random Book 142",996351916,7,3
"Random Book 169",997214056,2,0
"Random Book 86",999317159,8,8
